email,timestamp,ip_address
patient1@student.monash.edu,2025-04-28 14:20:21,172.16.193.58
patient1@student.monash.edu,2025-04-28 14:22:53,172.16.193.58
patient1@student.monash.edu,2025-04-28 14:24:15,172.16.193.58
patient1@student.monash.edu,2025-04-28 14:28:37,172.16.193.58
patient1@student.monash.edu,2025-04-28 14:31:33,172.16.193.58
patient1@student.monash.edu,2025-04-28 14:34:37,172.16.193.58
patient1@student.monash.edu,2025-04-28 14:37:01,172.16.193.58
patient1@student.monash.edu,2025-04-28 14:42:00,172.16.193.58
patient1@student.monash.edu,2025-04-28 14:46:55,172.16.193.58
patient1@student.monash.edu,2025-04-28 14:55:33,172.16.193.58
patient1@student.monash.edu,2025-04-28 14:55:54,172.16.193.58
patient1@student.monash.edu,2025-04-28 15:03:58,172.16.193.58
patient1@student.monash.edu,2025-04-28 15:05:20,172.16.193.58
1,2025-04-29 10:57:49,172.16.193.58
1,2025-04-29 14:28:00,172.16.193.58
1,2025-05-06 11:37:08,172.16.193.58
2,2025-05-06 11:42:04,172.16.193.58
2,2025-05-06 11:42:28,172.16.193.58
2,2025-05-06 16:08:02,172.16.193.58
1,2025-05-06 16:08:07,172.16.193.58
1,2025-05-06 16:16:39,172.16.193.58
1,2025-05-06 16:24:36,172.16.193.58
1,2025-05-06 16:26:32,172.16.193.58
1,2025-05-06 16:32:17,172.16.193.58
1,2025-05-06 16:43:07,172.16.193.58
